,name,gender,company,email
6385e3af9dbec7181231b382,Jodi Fry,female,TERAPRENE,jodifry@teraprene.com
6385e3afb7e3621d3c7ec628,Wiley Camacho,male,YOGASM,wileycamacho@yogasm.com
6385e3afa01317389fb80d2f,Key Salinas,male,EPLODE,keysalinas@eplode.com
6385e3afe81b783e77a6a25e,Kerry Everett,female,BLEEKO,kerryeverett@bleeko.com
6385e3af45d23bf6aeff9be5,Brenda Bryant,female,KEENGEN,brendabryant@keengen.com
6385e3af62e2bc73b3da614e,Pansy Hardy,female,ZOID,pansyhardy@zoid.com
6385e3af152e189c21f7488b,Dona Logan,female,RUGSTARS,donalogan@rugstars.com
6385e3af32520b4f9d7896f0,Brandy Shaffer,female,TERSANKI,brandyshaffer@tersanki.com
6385e3af7134bb794c45663f,Burks Bond,male,XYQAG,burksbond@xyqag.com
6385e3af3b91ddcec74b509c,Garrison Anthony,male,ZUVY,garrisonanthony@zuvy.com
6385e3afe8b23d47eca00d92,Maldonado Griffin,male,ROUGHIES,maldonadogriffin@roughies.com
6385e3afc39f233064ada4a0,Alejandra Hale,female,JASPER,alejandrahale@jasper.com
6385e3af31715bacda7f3e49,Mai Wynn,female,ESCHOIR,maiwynn@eschoir.com
6385e3af8c6e873ebc34fdc9,Augusta Mcmillan,female,SCENTRIC,augustamcmillan@scentric.com
6385e3af8d34735849d4db2c,Pope Mcbride,male,SUNCLIPSE,popemcbride@sunclipse.com
6385e3afa6373fc0a8d504db,Catalina Valencia,female,SNACKTION,catalinavalencia@snacktion.com
6385e3af84b224561ed253f5,Chrystal Meyer,female,OMATOM,chrystalmeyer@omatom.com
6385e3af7c0826656f7de1f5,Marissa Hawkins,female,NIMON,marissahawkins@nimon.com
6385e3af0528817b04ba32cc,Garcia Gross,male,INSURESYS,garciagross@insuresys.com
6385e3af04ce80f941379742,Cummings Delgado,male,POLARAX,cummingsdelgado@polarax.com
6385e3afe4f11f8d84df4cfe,Lesley English,female,ADORNICA,lesleyenglish@adornica.com
6385e3af1104ca4d86cbcd04,Margaret Lowery,female,GEEKWAGON,margaretlowery@geekwagon.com
6385e3af33c5ae7365de9b09,Salas Haney,male,FRENEX,salashaney@frenex.com
6385e3afe5fac11770bcf2b3,Ferrell Gregory,male,FURNAFIX,ferrellgregory@furnafix.com
6385e3af47ab3d061d66875f,Kayla Huber,female,MEGALL,kaylahuber@megall.com
6385e3afc8009fc64edbac1e,Collier Thompson,male,RONELON,collierthompson@ronelon.com
6385e3afe7b4bf5c4d7e3947,Alyce Roman,female,MAGNAFONE,alyceroman@magnafone.com
6385e3af2f92bf4148d73524,Boone Mcknight,male,SPORTAN,boonemcknight@sportan.com
6385e3af9db48197d6692869,Patel Mcfadden,male,OLYMPIX,patelmcfadden@olympix.com
6385e3af0d4c910410a16450,Guy Sparks,male,ZILLATIDE,guysparks@zillatide.com
6385e3afd9e7caab2d952a2c,Bonner Davenport,male,GENEKOM,bonnerdavenport@genekom.com
6385e3af77cb27729c4ccb02,Petersen Baker,male,ORBIFLEX,petersenbaker@orbiflex.com
6385e3af75523fc2f5b7a5b9,Tammie Torres,female,XUMONK,tammietorres@xumonk.com
6385e3afedd8fa74b5c8b786,Ballard Woodward,male,GLEAMINK,ballardwoodward@gleamink.com
6385e3af6343ca308f360197,Thomas Espinoza,male,FROLIX,thomasespinoza@frolix.com
6385e3affb2d6abb1b408689,Sweeney Sosa,male,QUAREX,sweeneysosa@quarex.com
6385e3afa7132facce7fc7c5,Duffy Sellers,male,EBIDCO,duffysellers@ebidco.com
6385e3afc79e60e58c01e87e,Autumn Hickman,female,ORONOKO,autumnhickman@oronoko.com
6385e3af6b6839ab3a82bf7e,Jennifer Berg,female,EDECINE,jenniferberg@edecine.com
6385e3aff05ab40cefa30cc5,Langley Valenzuela,male,LUNCHPOD,langleyvalenzuela@lunchpod.com
6385e3afd0830d16401cb34a,Francine Bradford,female,PAWNAGRA,francinebradford@pawnagra.com
6385e3afa2da01161381bb35,Powers Walsh,male,SULTRAX,powerswalsh@sultrax.com
6385e3af43abcbf86d7292b3,Compton Nash,male,GYNK,comptonnash@gynk.com
6385e3af407fa956eb33abfe,Serrano Goodman,male,HOPELI,serranogoodman@hopeli.com
6385e3afd77c1d4257605885,Nadia Mcmahon,female,GEEKUS,nadiamcmahon@geekus.com
6385e3af566ab4afab112e46,Vinson Sherman,male,ZAPPIX,vinsonsherman@zappix.com
6385e3af7b64cac35ca00164,Bertie Olsen,female,ZIGGLES,bertieolsen@ziggles.com
6385e3aff31405092198670d,Stacie Lambert,female,FLEETMIX,stacielambert@fleetmix.com
6385e3af8b6f14d6c584bcbb,Carver Dickson,male,NAMEGEN,carverdickson@namegen.com
6385e3af72cafedc2fe55236,Lorraine Myers,female,ZENTURY,lorrainemyers@zentury.com
6385e3afa60dcdd04a97951b,Gloria Miller,female,EXOBLUE,gloriamiller@exoblue.com
6385e3af41b1f3797ee70d12,Estelle Nixon,female,EXTRAWEAR,estellenixon@extrawear.com
6385e3afdf5ffe867bcca29e,Middleton Trujillo,male,HYDROCOM,middletontrujillo@hydrocom.com
6385e3af305079df9c6ddd40,Ramos Reid,male,ZYTREX,ramosreid@zytrex.com
6385e3af5142fcfbd36958b0,Lori Hines,female,HOMELUX,lorihines@homelux.com
6385e3af4572626a0042a3d0,Liz Berger,female,PARAGONIA,lizberger@paragonia.com
6385e557e65a2ba8c32280b6,Karina Bowman,female,XTH,karinabowman@xth.com
6385e5578d2e46d685d67aab,Leonard Phillips,male,ORBIN,leonardphillips@orbin.com
6385e55744fbe4bda9541f43,Morgan Abbott,male,YURTURE,morganabbott@yurture.com
6385e5572f8babac70e21d45,Clarissa Randall,female,INSURON,clarissarandall@insuron.com
6385e557268dc5c3f4b0e379,Rowena Witt,female,SNIPS,rowenawitt@snips.com
6385e5575b1005a90ef9639d,Dixon Beard,male,ISOSTREAM,dixonbeard@isostream.com
6385e5573982a86a9dfa8207,Christie Cherry,female,PROXSOFT,christiecherry@proxsoft.com
6385e55725c56d5117ee86f5,Pennington Hughes,male,VELOS,penningtonhughes@velos.com
6385e5571056a7d34054b1e1,Mcneil Nieves,male,KEENGEN,mcneilnieves@keengen.com
6385e5578aab7cfed8985ae1,Audra Holmes,female,VALPREAL,audraholmes@valpreal.com
6385e55770d3c83bfbd16016,Jean Calhoun,female,GEEKOL,jeancalhoun@geekol.com
6385e55725bc8413976ac257,Hodges Mcintosh,male,PROVIDCO,hodgesmcintosh@providco.com
6385e557f8ec10fc3e994200,Erickson Leblanc,male,SONGBIRD,ericksonleblanc@songbird.com
6385e557fc65ad50ebc2cb8b,Parker Tyler,male,GLASSTEP,parkertyler@glasstep.com
6385e55707221c875582f8f5,Lamb Hoover,male,CONFRENZY,lambhoover@confrenzy.com
6385e557880a375cbce436e4,Moss Wood,male,DOGSPA,mosswood@dogspa.com
6385e557665f907c932a2198,Kristie Bryan,female,NIKUDA,kristiebryan@nikuda.com
6385e55753abdd6017012e57,Mabel Mejia,female,DUOFLEX,mabelmejia@duoflex.com
6385e557cf39ea989d9a666d,Kim Burgess,male,BIZMATIC,kimburgess@bizmatic.com
6385e5573e00b0b07a33688e,Miranda Sherman,female,BIOLIVE,mirandasherman@biolive.com
6385e557baabb1d795499272,Hilary Glenn,female,QUARX,hilaryglenn@quarx.com
6385e55736af51388f445c16,Lowe Preston,male,DIGIAL,lowepreston@digial.com
6385e5574e5efbc7505da959,Garza Deleon,male,UNQ,garzadeleon@unq.com
6385e5573cb1306455ba042b,Lucinda Mcdowell,female,PROTODYNE,lucindamcdowell@protodyne.com
6385e5573d08d6f264da1235,Adkins Golden,male,ZOARERE,adkinsgolden@zoarere.com
6385e557a6152663967618d4,Susanna Calderon,female,KROG,susannacalderon@krog.com
6385e557a123947e9290e2cb,Sue Hester,female,NURALI,suehester@nurali.com
6385e5570128fac9df7ff772,Ann Whitfield,female,COMBOGENE,annwhitfield@combogene.com
6385e557c7f699e83431c0e0,Bonner Anthony,male,ZENTURY,bonneranthony@zentury.com
6385e557db34774849ec69f7,Vasquez Zamora,male,TETAK,vasquezzamora@tetak.com
6385e557fb42421f2e8ae35b,Key Glass,male,CENTREE,keyglass@centree.com
6385e55740669a2011bae3bc,Frederick Lowery,male,MOLTONIC,fredericklowery@moltonic.com
6385e557c80e4d293a93ca0c,Leslie Moreno,female,COMDOM,lesliemoreno@comdom.com
6385e55754277d9146937edd,Patrick Perez,male,ASSURITY,patrickperez@assurity.com
6385e557d4bf4c9bb5db9c48,Williamson Fulton,male,BYTREX,williamsonfulton@bytrex.com
6385e557a6fb913c76b33459,Meadows Ball,male,ROCKYARD,meadowsball@rockyard.com
6385e557e6053bf5aee21907,Cotton Forbes,male,QUOTEZART,cottonforbes@quotezart.com
6385e55753935755dce515e6,Lorna Frost,female,CANDECOR,lornafrost@candecor.com
6385e557eebcc95411da1294,Mullen Harris,male,APPLIDECK,mullenharris@applideck.com
6385e5572597f28340159781,Savage Wolfe,male,EARTHWAX,savagewolfe@earthwax.com
6385e557d7ea40e4987fdf6b,Jennings Hunt,male,ACCIDENCY,jenningshunt@accidency.com
6385e55742b4f20a5514f08e,Mia Craig,female,HAIRPORT,miacraig@hairport.com
6385e557aa332a72c78eeea9,Cole Chavez,male,PURIA,colechavez@puria.com
6385e557e914feeebd8ebfb6,Ross Barnett,male,RADIANTIX,rossbarnett@radiantix.com
6385e557ac0a1f09ecf4808b,Helen Wynn,female,PYRAMIS,helenwynn@pyramis.com
6385e557a34374b9203f5087,Long Steele,male,ZOINAGE,longsteele@zoinage.com
6385e557da5ba4124d9065e8,Anna Michael,female,AVENETRO,annamichael@avenetro.com
6385e55768b5e79132a2814c,Johnson Dixon,male,CORPORANA,johnsondixon@corporana.com
6385e5578c3eb6400396d84c,Lloyd Puckett,male,ORBIXTAR,lloydpuckett@orbixtar.com
6385e557fc9480664adc8347,Myrtle Rhodes,female,EYERIS,myrtlerhodes@eyeris.com
6385e5577407e339a18ecb12,Polly Oneill,female,MOREGANIC,pollyoneill@moreganic.com
6385e55751f3aae4b8662ad4,Althea Berg,female,ZERBINA,altheaberg@zerbina.com
6385e557bb2bcde1198da912,Lena Logan,female,EMOLTRA,lenalogan@emoltra.com
6385e557723f62f03ac34b8d,Cherry Chang,female,AUTOMON,cherrychang@automon.com
6385e557c82ae1332234549f,Gena Carey,female,DRAGBOT,genacarey@dragbot.com
6385e5579fbafebfc8e1b1fa,Dillard Cotton,male,GALLAXIA,dillardcotton@gallaxia.com
6385e55777000118294df103,Concetta Kim,female,WEBIOTIC,concettakim@webiotic.com
